{
  "package_name": "equity_os_motherboard",
  "device_type": "motherboard",
  "version": "Universal",
  "created": "2026-01-07T00:38:45.985029",
  "owner": "Olawale Abdul-Ganiyu",
  "files": [
    "install_motherboard_windows.bat",
    "install_motherboard_unix.sh"
  ],
  "installation_instructions": "Run install_motherboard_unix.sh and follow prompts",
  "requirements": [
    "Admin installation code",
    "Internet connection for AI features",
    "Storage memory (5% will be used)",
    "Compatible device: motherboard"
  ]
}