{
  "package_name": "equity_os_computer",
  "device_type": "computer",
  "version": "Universal",
  "created": "2026-01-07T00:38:45.982335",
  "owner": "Olawale Abdul-Ganiyu",
  "files": [
    "install_computer_windows.bat",
    "install_computer_unix.sh"
  ],
  "installation_instructions": "Run install_computer_unix.sh and follow prompts",
  "requirements": [
    "Admin installation code",
    "Internet connection for AI features",
    "Storage memory (5% will be used)",
    "Compatible device: computer"
  ]
}